File_1,File_2,Label
691081.py,748616.py,1
750291.py,750729.py,1
746703.py,688548.py,1
690960.py,747346.py,1
722181.py,721305.py,1
690960.py,746686.py,1
683081.py,685744.py,1
779454.py,779303.py,1
685744.py,681809.py,1
750291.py,749620.py,1
685744.py,691185.py,1
702618.py,765837.py,1
691185.py,748616.py,1
683081.py,691081.py,1
750836.py,746674.py,1
740535.py,740499.py,1
779424.py,779634.py,1
749555.py,748835.py,1
688408.py,691185.py,1
685744.py,690960.py,1
750291.py,750234.py,1
750234.py,750729.py,1
712098.py,691081.py,1
749620.py,750729.py,1
740399.py,740499.py,1
691185.py,747346.py,1
779052.py,779050.py,1
750836.py,750298.py,1
691185.py,746686.py,1
741462.py,740725.py,1
721305.py,778953.py,1
690960.py,748616.py,1
740487.py,736120.py,1
712098.py,748616.py,1
681809.py,747346.py,1
681809.py,746686.py,1
761446.py,776147.py,1
749620.py,750234.py,1
688326.py,688548.py,1
723642.py,722070.py,1
776577.py,776430.py,1
749529.py,750670.py,1
750138.py,748763.py,1
776183.py,776149.py,1
749529.py,748835.py,1
776100.py,776133.py,1
750836.py,750785.py,1
738524.py,740176.py,1
688408.py,681809.py,1
740176.py,736623.py,1
712098.py,685744.py,1
750291.py,685987.py,1
685987.py,747931.py,1
776264.py,776489.py,1
779382.py,779580.py,1
685744.py,747346.py,1
685744.py,746686.py,1
688408.py,747346.py,1
685598.py,691488.py,1
747931.py,750729.py,1
688408.py,746686.py,1
683081.py,681809.py,1
722181.py,778953.py,1
683081.py,691185.py,1
741143.py,740740.py,1
685744.py,691081.py,1
690960.py,691185.py,1
683081.py,690960.py,1
749529.py,749555.py,1
685744.py,748616.py,1
750785.py,746674.py,1
691081.py,681809.py,1
691081.py,691185.py,1
696430.py,765837.py,1
779471.py,779636.py,1
750291.py,747931.py,1
748616.py,746686.py,1
738524.py,736623.py,1
691081.py,690960.py,1
691185.py,681809.py,1
749294.py,750717.py,1
685987.py,750729.py,1
712098.py,750138.py,1
750785.py,750298.py,1
685987.py,749620.py,1
776577.py,776522.py,1
691081.py,747346.py,1
749620.py,747931.py,1
691081.py,746686.py,1
712098.py,748763.py,1
776522.py,776430.py,1
690960.py,681809.py,1
685987.py,750234.py,1
712098.py,748746.py,1
750298.py,746674.py,1
702618.py,696430.py,1
747931.py,750234.py,1
712098.py,690960.py,1
737316.py,741552.py,1
740355.py,741591.py,1
749206.py,750234.py,0
739146.py,740848.py,0
140947.py,691119.py,0
721305.py,740359.py,0
789859.py,738494.py,0
776533.py,750697.py,0
778882.py,740740.py,0
690960.py,746674.py,0
776473.py,691010.py,0
736379.py,750738.py,0
688408.py,778964.py,0
771575.py,741223.py,0
779522.py,776264.py,0
711814.py,765837.py,0
685987.py,748746.py,0
691201.py,691488.py,0
779647.py,740487.py,0
686564.py,748848.py,0
747109.py,746686.py,0
749206.py,801746.py,0
801695.py,741223.py,0
740399.py,750771.py,0
779647.py,722069.py,0
776100.py,776149.py,0
778934.py,801695.py,0
779382.py,747346.py,0
685744.py,738494.py,0
748835.py,778929.py,0
749555.py,776411.py,0
722181.py,741223.py,0
685598.py,691010.py,0
779080.py,750785.py,0
741265.py,740020.py,0
789859.py,779382.py,0
750298.py,711814.py,0
776522.py,741373.py,0
793061.py,779634.py,0
722069.py,776430.py,0
691185.py,779543.py,0
739146.py,683005.py,0
747931.py,779472.py,0
740725.py,757411.py,0
766637.py,711814.py,0
778882.py,139727.py,0
776408.py,688408.py,0
686564.py,750291.py,0
749478.py,750697.py,0
738494.py,738466.py,0
750836.py,736623.py,0
746703.py,681536.py,0
740535.py,776166.py,0
740134.py,776320.py,0
736375.py,779472.py,0
776096.py,722070.py,0
750478.py,779512.py,0
750785.py,740512.py,0
686564.py,740815.py,0
776577.py,750234.py,0
776533.py,779284.py,0
776408.py,778909.py,0
750802.py,748848.py,0
776473.py,681536.py,0
736379.py,722181.py,0
688408.py,778929.py,0
801741.py,747109.py,0
779289.py,750044.py,0
739287.py,738635.py,0
776568.py,747109.py,0
776519.py,750670.py,0
749555.py,740635.py,0
776100.py,739365.py,0
740399.py,750044.py,0
789859.py,740355.py,0
738524.py,749620.py,0
740933.py,747346.py,0
740561.py,776264.py,0
711814.py,139727.py,0
779580.py,778929.py,0
749529.py,779313.py,0
736379.py,691201.py,0
779080.py,696430.py,0
737316.py,139836.py,0
750697.py,750729.py,0
738634.py,738466.py,0
779424.py,793061.py,0
784845.py,771575.py,0
750471.py,740512.py,0
722069.py,779313.py,0
779313.py,776260.py,0
750291.py,740499.py,0
685740.py,736623.py,0
685598.py,748848.py,0
776223.py,140978.py,0
779424.py,741591.py,0
776284.py,793061.py,0
683081.py,779649.py,0
776498.py,748653.py,0
779649.py,776260.py,0
741358.py,685740.py,0
749849.py,779636.py,0
