problem,file,kind,edits
f1_palindromo,f1_palindromo_orig.py,orig,original student solution
f1_palindromo,f1_palindromo_C1.py,C1,"comments added/removed/reworded, extra blank lines, 2-space indentation; no code token changed"
f1_palindromo,f1_palindromo_C2.py,C2,"functions, parameters and variables renamed; nothing else changed"
f1_palindromo,f1_palindromo_S5.py,S5,s5a;s5b;s5d;s5e;s5h;s5k
f1_palindromo,f1_palindromo_S6.py,S6,s6a;s6b;s6d;s6h;s6k
f1_palindromo,f1_palindromo_SX.py,SX,s5a;s5b;s5d;s5e;s6a;s6b;s6h;s6k
f2_mdc,f2_mdc_orig.py,orig,original student solution
f2_mdc,f2_mdc_C1.py,C1,"comments added/removed/reworded, extra blank lines, 2-space indentation; no code token changed"
f2_mdc,f2_mdc_C2.py,C2,"functions, parameters and variables renamed; nothing else changed"
f2_mdc,f2_mdc_S5.py,S5,s5a;s5b;s5d;s5f;s5i
f2_mdc,f2_mdc_S6.py,S6,s6c;s6d;s6f;s6k
f2_mdc,f2_mdc_SX.py,SX,s5a;s5b;s5d;s5f;s6c;s6d;s6f;s6k
f3_busca,f3_busca_orig.py,orig,original student solution
f3_busca,f3_busca_C1.py,C1,"comments added/removed/reworded, extra blank lines, 2-space indentation; no code token changed"
f3_busca,f3_busca_C2.py,C2,"functions, parameters and variables renamed; nothing else changed"
f3_busca,f3_busca_S5.py,S5,s5b;s5c;s5d;s5e;s5g;s5h
f3_busca,f3_busca_S6.py,S6,s6a;s6b;s6d;s6h;s6k
f3_busca,f3_busca_SX.py,SX,s5a;s5d;s5e;s5h;s6a;s6b;s6d;s6h
f4_pascal,f4_pascal_orig.py,orig,original student solution
f4_pascal,f4_pascal_C1.py,C1,"comments added/removed/reworded, extra blank lines, 2-space indentation; no code token changed"
f4_pascal,f4_pascal_C2.py,C2,"functions, parameters and variables renamed; nothing else changed"
f4_pascal,f4_pascal_S5.py,S5,s5a;s5b;s5d;s5e;s5j
f4_pascal,f4_pascal_S6.py,S6,s6a;s6c;s6d;s6h;s6k
f4_pascal,f4_pascal_SX.py,SX,s5a;s5b;s5d;s5e;s6a;s6d;s6h;s6k
f5_anagramas,f5_anagramas_orig.py,orig,original student solution
f5_anagramas,f5_anagramas_C1.py,C1,"comments added/removed/reworded, extra blank lines, 2-space indentation; no code token changed"
f5_anagramas,f5_anagramas_C2.py,C2,"functions, parameters and variables renamed; nothing else changed"
f5_anagramas,f5_anagramas_S5.py,S5,s5a;s5b;s5d;s5e;s5f
f5_anagramas,f5_anagramas_S6.py,S6,s6a;s6b;s6d;s6e;s6f;s6k
f5_anagramas,f5_anagramas_SX.py,SX,s5a;s5d;s5e;s5f;s6a;s6b;s6d;s6k
f6_perfeitos,f6_perfeitos_orig.py,orig,original student solution
f6_perfeitos,f6_perfeitos_C1.py,C1,"comments added/removed/reworded, extra blank lines, 2-space indentation; no code token changed"
f6_perfeitos,f6_perfeitos_C2.py,C2,"functions, parameters and variables renamed; nothing else changed"
f6_perfeitos,f6_perfeitos_S5.py,S5,s5a;s5b;s5d;s5e;s5h;s5l
f6_perfeitos,f6_perfeitos_S6.py,S6,s6a;s6b;s6c;s6d;s6h;s6k
f6_perfeitos,f6_perfeitos_SX.py,SX,s5a;s5b;s5d;s5e;s5l;s6b;s6d;s6h;s6k
f7_sequencia,f7_sequencia_orig.py,orig,original student solution
f7_sequencia,f7_sequencia_C1.py,C1,"comments added/removed/reworded, extra blank lines, 2-space indentation; no code token changed"
f7_sequencia,f7_sequencia_C2.py,C2,"functions, parameters and variables renamed; nothing else changed"
f7_sequencia,f7_sequencia_S5.py,S5,s5a;s5b;s5d;s5e;s5g;s5j
f7_sequencia,f7_sequencia_S6.py,S6,s6a;s6b;s6d;s6f;s6h;s6k
f7_sequencia,f7_sequencia_SX.py,SX,s5a;s5b;s5d;s5e;s5j;s6a;s6b;s6f;s6k
f8_banco,f8_banco_orig.py,orig,original student solution
f8_banco,f8_banco_C1.py,C1,"comments added/removed/reworded, extra blank lines, 2-space indentation; no code token changed"
f8_banco,f8_banco_C2.py,C2,"functions, parameters and variables renamed; nothing else changed"
f8_banco,f8_banco_S5.py,S5,s5a;s5b;s5c;s5d;s5h;s5k
f8_banco,f8_banco_S6.py,S6,s6a;s6c;s6d;s6f;s6k;s6l
f8_banco,f8_banco_SX.py,SX,s5a;s5b;s5d;s5k;s6a;s6d;s6f;s6k
f9_romanos,f9_romanos_orig.py,orig,original student solution
f9_romanos,f9_romanos_C1.py,C1,"comments added/removed/reworded, extra blank lines, 2-space indentation; no code token changed"
f9_romanos,f9_romanos_C2.py,C2,"functions, parameters and variables renamed; nothing else changed"
f9_romanos,f9_romanos_S5.py,S5,s5b;s5c;s5d;s5e;s5i;s5j
f9_romanos,f9_romanos_S6.py,S6,s6a;s6b;s6d;s6f;s6i;s6k
f9_romanos,f9_romanos_SX.py,SX,s5b;s5d;s5e;s5j;s6a;s6b;s6f;s6k
f10_notas,f10_notas_orig.py,orig,original student solution
f10_notas,f10_notas_C1.py,C1,"comments added/removed/reworded, extra blank lines, 2-space indentation; no code token changed"
f10_notas,f10_notas_C2.py,C2,"functions, parameters and variables renamed; nothing else changed"
f10_notas,f10_notas_S5.py,S5,s5a;s5b;s5c;s5d;s5f;s5h;s5i
f10_notas,f10_notas_S6.py,S6,s6a;s6b;s6d;s6h;s6k;s6l
f10_notas,f10_notas_SX.py,SX,s5a;s5b;s5d;s5f;s6a;s6b;s6d;s6k
